{
  "accuracy": [
    0.328125,
    0.40703123807907104,
    0.500781238079071,
    0.5296875238418579,
    0.5546875,
    0.5804687738418579,
    0.628125011920929,
    0.706250011920929,
    0.7265625,
    0.7679687738418579
  ],
  "val_accuracy": [
    0.528124988079071,
    0.6812499761581421,
    0.7718750238418579,
    0.8218749761581421,
    0.8218749761581421,
    0.809374988079071,
    0.887499988079071,
    0.909375011920929,
    0.9281250238418579,
    0.9281250238418579
  ],
  "loss": [
    4.544769287109375,
    2.9368598461151123,
    2.1204488277435303,
    1.7093394994735718,
    1.5080417394638062,
    1.2772308588027954,
    1.0001556873321533,
    0.7897459268569946,
    0.7092742323875427,
    0.5887414216995239
  ],
  "val_loss": [
    1.2516555786132812,
    0.8104252815246582,
    0.5876997113227844,
    0.4889167249202728,
    0.4740070700645447,
    0.47981682419776917,
    0.3444904386997223,
    0.2860983610153198,
    0.23130564391613007,
    0.2104707658290863
  ]
}